OmegaBound.ADVXXZCertificateConstituentClosure	OmegaBound.ADVXXZCertificateConstituentClosure.certificateDen_pos._proof_1_1	OUTSIDE	[OmegaBound.ADVXXZCertificateConstituentClosure.certificateDen_pos._nativeDecide_1_1]
OmegaBound.ADVXXZG1Mirror	OmegaBound.ADVXXZG1.g1_mirror._proof_1_1	CLOSURE	[OmegaBound.ADVXXZG1.g1_mirror._nativeDecide_1_1]
OmegaBound.ADVXXZG1Parent	OmegaBound.ADVXXZG1.Atot_pos._proof_1_1	OUTSIDE	[OmegaBound.ADVXXZG1.Atot_pos._nativeDecide_1_1]
OmegaBound.ADVXXZG1Parent	OmegaBound.ADVXXZG1.physRow_zero._proof_1_1	OUTSIDE	[OmegaBound.ADVXXZG1.physRow_zero._nativeDecide_1_1]
OmegaBound.ADVXXZG1Parent	OmegaBound.ADVXXZG1.roleAt_physicalSide._proof_1_1	OUTSIDE	[OmegaBound.ADVXXZG1.roleAt_physicalSide._nativeDecide_1_1]
OmegaBound.ADVXXZG1Parent	OmegaBound.ADVXXZG1.rowShape_shapeIndex._proof_1_1	CLOSURE	[OmegaBound.ADVXXZG1.rowShape_shapeIndex._nativeDecide_1_1]
OmegaBound.ADVXXZG1Supp	OmegaBound.ADVXXZG1.g1_support._proof_1_1	CLOSURE	[OmegaBound.ADVXXZG1.g1_support._nativeDecide_1_1]
OmegaBound.ADVXXZT1Inc	OmegaBound.ADVXXZT1.inc_laws._proof_1_1	CLOSURE	[OmegaBound.ADVXXZT1.inc_laws._nativeDecide_1_1]
OmegaBound.ADVXXZT1IncRange	OmegaBound.ADVXXZT1.inc_range_laws._proof_1_1	CLOSURE	[OmegaBound.ADVXXZT1.inc_range_laws._nativeDecide_1_1]
OmegaBound.ADVXXZT1Phys	OmegaBound.ADVXXZT1.physRow_bijective._proof_1_1	CLOSURE	[OmegaBound.ADVXXZT1.physRow_bijective._nativeDecide_1_1]
OmegaBound.ADVXXZT1Phys	OmegaBound.ADVXXZT1.physRow_bijective._proof_1_2	CLOSURE	[OmegaBound.ADVXXZT1.physRow_bijective._nativeDecide_1_2]
OmegaBound.ADVXXZT1Phys	OmegaBound.ADVXXZT1.shapeIndex_bijective._proof_1_1	CLOSURE	[OmegaBound.ADVXXZT1.shapeIndex_bijective._nativeDecide_1_1]
OmegaBound.ADVXXZT1Phys	OmegaBound.ADVXXZT1.shapeIndex_bijective._proof_1_2	CLOSURE	[OmegaBound.ADVXXZT1.shapeIndex_bijective._nativeDecide_1_2]
OmegaBound.ADVXXZT2Marg	OmegaBound.ADVXXZT2.marg_ok._proof_1_1	OUTSIDE	[OmegaBound.ADVXXZT2.marg_ok._nativeDecide_1_1]
OmegaBound.ADVXXZT2Marg	OmegaBound.ADVXXZT2.mixture_needs_transport._proof_1_1	OUTSIDE	[OmegaBound.ADVXXZT2.mixture_needs_transport._nativeDecide_1_1]
OmegaBound.ADVXXZT2Marg	OmegaBound.ADVXXZT2.naive_true_on_region_zero._proof_1_1	OUTSIDE	[OmegaBound.ADVXXZT2.naive_true_on_region_zero._nativeDecide_1_1]
OmegaBound.ADVXXZT2Mult	OmegaBound.ADVXXZT2.mult_ok._proof_1_1	CLOSURE	[OmegaBound.ADVXXZT2.mult_ok._nativeDecide_1_1]
OmegaBound.ADVXXZT6DenominatorBase	OmegaBound.ADVXXZT6DenominatorData.checkedDenominator._proof_1	OUTSIDE	[OmegaBound.ADVXXZT6DenominatorData.checkedDenominator._nativeDecide_1]
OmegaBound.ADVXXZT6DenominatorBase	OmegaBound.ADVXXZT6DenominatorData.wordEquiv4._proof_1	CLOSURE	[OmegaBound.ADVXXZT6DenominatorData.wordEquiv4._nativeDecide_1]
OmegaBound.ADVXXZT6DenominatorBase	OmegaBound.ADVXXZT6DenominatorData.wordEquiv4._proof_2	CLOSURE	[OmegaBound.ADVXXZT6DenominatorData.wordEquiv4._nativeDecide_2]
OmegaBound.ADVXXZT6Inventory	OmegaBound.ADVXXZT6.frac_law._proof_1_1	CLOSURE	[OmegaBound.ADVXXZT6.frac_law._nativeDecide_1_1]
OmegaBound.ADVXXZT6Round82C5KernelK0	OmegaBound.ADVXXZT6Round82.c5ShardK0._proof_1_1	CLOSURE	[OmegaBound.ADVXXZT6Round82.c5ShardK0._nativeDecide_1_1]
OmegaBound.ADVXXZT6Round82C5KernelK1	OmegaBound.ADVXXZT6Round82.c5ShardK1._proof_1_1	CLOSURE	[OmegaBound.ADVXXZT6Round82.c5ShardK1._nativeDecide_1_1]
OmegaBound.ADVXXZT6Round82C5KernelK10	OmegaBound.ADVXXZT6Round82.c5ShardK10._proof_1_1	CLOSURE	[OmegaBound.ADVXXZT6Round82.c5ShardK10._nativeDecide_1_1]
OmegaBound.ADVXXZT6Round82C5KernelK11	OmegaBound.ADVXXZT6Round82.c5ShardK11._proof_1_1	CLOSURE	[OmegaBound.ADVXXZT6Round82.c5ShardK11._nativeDecide_1_1]
OmegaBound.ADVXXZT6Round82C5KernelK12	OmegaBound.ADVXXZT6Round82.c5ShardK12._proof_1_1	CLOSURE	[OmegaBound.ADVXXZT6Round82.c5ShardK12._nativeDecide_1_1]
OmegaBound.ADVXXZT6Round82C5KernelK13	OmegaBound.ADVXXZT6Round82.c5ShardK13._proof_1_1	CLOSURE	[OmegaBound.ADVXXZT6Round82.c5ShardK13._nativeDecide_1_1]
OmegaBound.ADVXXZT6Round82C5KernelK14	OmegaBound.ADVXXZT6Round82.c5ShardK14._proof_1_1	CLOSURE	[OmegaBound.ADVXXZT6Round82.c5ShardK14._nativeDecide_1_1]
OmegaBound.ADVXXZT6Round82C5KernelK15	OmegaBound.ADVXXZT6Round82.c5ShardK15._proof_1_1	CLOSURE	[OmegaBound.ADVXXZT6Round82.c5ShardK15._nativeDecide_1_1]
OmegaBound.ADVXXZT6Round82C5KernelK16	OmegaBound.ADVXXZT6Round82.c5ShardK16._proof_1_1	CLOSURE	[OmegaBound.ADVXXZT6Round82.c5ShardK16._nativeDecide_1_1]
OmegaBound.ADVXXZT6Round82C5KernelK17	OmegaBound.ADVXXZT6Round82.c5ShardK17._proof_1_1	CLOSURE	[OmegaBound.ADVXXZT6Round82.c5ShardK17._nativeDecide_1_1]
OmegaBound.ADVXXZT6Round82C5KernelK18	OmegaBound.ADVXXZT6Round82.c5ShardK18._proof_1_1	CLOSURE	[OmegaBound.ADVXXZT6Round82.c5ShardK18._nativeDecide_1_1]
OmegaBound.ADVXXZT6Round82C5KernelK19	OmegaBound.ADVXXZT6Round82.c5ShardK19._proof_1_1	CLOSURE	[OmegaBound.ADVXXZT6Round82.c5ShardK19._nativeDecide_1_1]
OmegaBound.ADVXXZT6Round82C5KernelK2	OmegaBound.ADVXXZT6Round82.c5ShardK2._proof_1_1	CLOSURE	[OmegaBound.ADVXXZT6Round82.c5ShardK2._nativeDecide_1_1]
OmegaBound.ADVXXZT6Round82C5KernelK20	OmegaBound.ADVXXZT6Round82.c5ShardK20._proof_1_1	CLOSURE	[OmegaBound.ADVXXZT6Round82.c5ShardK20._nativeDecide_1_1]
OmegaBound.ADVXXZT6Round82C5KernelK3	OmegaBound.ADVXXZT6Round82.c5ShardK3._proof_1_1	CLOSURE	[OmegaBound.ADVXXZT6Round82.c5ShardK3._nativeDecide_1_1]
OmegaBound.ADVXXZT6Round82C5KernelK4	OmegaBound.ADVXXZT6Round82.c5ShardK4._proof_1_1	CLOSURE	[OmegaBound.ADVXXZT6Round82.c5ShardK4._nativeDecide_1_1]
OmegaBound.ADVXXZT6Round82C5KernelK5	OmegaBound.ADVXXZT6Round82.c5ShardK5._proof_1_1	CLOSURE	[OmegaBound.ADVXXZT6Round82.c5ShardK5._nativeDecide_1_1]
OmegaBound.ADVXXZT6Round82C5KernelK6	OmegaBound.ADVXXZT6Round82.c5ShardK6._proof_1_1	CLOSURE	[OmegaBound.ADVXXZT6Round82.c5ShardK6._nativeDecide_1_1]
OmegaBound.ADVXXZT6Round82C5KernelK7	OmegaBound.ADVXXZT6Round82.c5ShardK7._proof_1_1	CLOSURE	[OmegaBound.ADVXXZT6Round82.c5ShardK7._nativeDecide_1_1]
OmegaBound.ADVXXZT6Round82C5KernelK8	OmegaBound.ADVXXZT6Round82.c5ShardK8._proof_1_1	CLOSURE	[OmegaBound.ADVXXZT6Round82.c5ShardK8._nativeDecide_1_1]
OmegaBound.ADVXXZT6Round82C5KernelK9	OmegaBound.ADVXXZT6Round82.c5ShardK9._proof_1_1	CLOSURE	[OmegaBound.ADVXXZT6Round82.c5ShardK9._nativeDecide_1_1]
OmegaBound.ADVXXZT6Round82ChildKernel0	OmegaBound.ADVXXZT6Round82.childShard0._proof_1_1	CLOSURE	[OmegaBound.ADVXXZT6Round82.childShard0._nativeDecide_1_1]
OmegaBound.ADVXXZT6Round82ChildKernel1	OmegaBound.ADVXXZT6Round82.childShard1._proof_1_1	CLOSURE	[OmegaBound.ADVXXZT6Round82.childShard1._nativeDecide_1_1]
OmegaBound.ADVXXZT6Round82ChildKernel2	OmegaBound.ADVXXZT6Round82.childShard2._proof_1_1	CLOSURE	[OmegaBound.ADVXXZT6Round82.childShard2._nativeDecide_1_1]
OmegaBound.ADVXXZT6Round82ChildKernel3	OmegaBound.ADVXXZT6Round82.childShard3._proof_1_1	CLOSURE	[OmegaBound.ADVXXZT6Round82.childShard3._nativeDecide_1_1]
OmegaBound.ADVXXZT6Round82ChildKernel4	OmegaBound.ADVXXZT6Round82.childShard4._proof_1_1	CLOSURE	[OmegaBound.ADVXXZT6Round82.childShard4._nativeDecide_1_1]
OmegaBound.ADVXXZT6Round82ChildKernel5	OmegaBound.ADVXXZT6Round82.childShard5._proof_1_1	CLOSURE	[OmegaBound.ADVXXZT6Round82.childShard5._nativeDecide_1_1]
OmegaBound.ADVXXZT6Selection	OmegaBound.ADVXXZT6Selection.kid_pat_ok._proof_1_1	CLOSURE	[OmegaBound.ADVXXZT6Selection.kid_pat_ok._nativeDecide_1_1]
OmegaBound.ADVXXZT6SplitTargetBase	OmegaBound.ADVXXZT6SplitTargetData.wordEquiv._proof_1	CLOSURE	[OmegaBound.ADVXXZT6SplitTargetData.wordEquiv._nativeDecide_1]
OmegaBound.ADVXXZT6SplitTargetBase	OmegaBound.ADVXXZT6SplitTargetData.wordEquiv._proof_2	CLOSURE	[OmegaBound.ADVXXZT6SplitTargetData.wordEquiv._nativeDecide_2]
OmegaBound.ADVXXZT6SplitTargetIndex	OmegaBound.ADVXXZT6SplitTargetData.fine_index_ok._proof_1_1	CLOSURE	[OmegaBound.ADVXXZT6SplitTargetData.fine_index_ok._nativeDecide_1_1]
OmegaBound.ADVXXZT6SplitTargetNode0	OmegaBound.ADVXXZT6SplitTargetData.targetNodeRows0_ok._proof_1_1	CLOSURE	[OmegaBound.ADVXXZT6SplitTargetData.targetNodeRows0_ok._nativeDecide_1_1]
OmegaBound.ADVXXZT6SplitTargetNode1	OmegaBound.ADVXXZT6SplitTargetData.targetNodeRows1_ok._proof_1_1	CLOSURE	[OmegaBound.ADVXXZT6SplitTargetData.targetNodeRows1_ok._nativeDecide_1_1]
OmegaBound.ADVXXZT6SplitTargetNode2	OmegaBound.ADVXXZT6SplitTargetData.targetNodeRows2_ok._proof_1_1	CLOSURE	[OmegaBound.ADVXXZT6SplitTargetData.targetNodeRows2_ok._nativeDecide_1_1]
OmegaBound.ADVXXZT6SplitTargetNode3	OmegaBound.ADVXXZT6SplitTargetData.targetNodeRows3_ok._proof_1_1	CLOSURE	[OmegaBound.ADVXXZT6SplitTargetData.targetNodeRows3_ok._nativeDecide_1_1]
OmegaBound.ADVXXZT6SplitTargetNode4	OmegaBound.ADVXXZT6SplitTargetData.targetNodeRows4_ok._proof_1_1	CLOSURE	[OmegaBound.ADVXXZT6SplitTargetData.targetNodeRows4_ok._nativeDecide_1_1]
OmegaBound.ADVXXZT6SplitTargetNode5	OmegaBound.ADVXXZT6SplitTargetData.targetNodeRows5_ok._proof_1_1	CLOSURE	[OmegaBound.ADVXXZT6SplitTargetData.targetNodeRows5_ok._nativeDecide_1_1]
OmegaBound.ADVXXZT7EnrichedBase	OmegaBound.ADVXXZT7Enriched.checkedSplit._proof_1	OUTSIDE	[OmegaBound.ADVXXZT7Enriched.checkedSplit._nativeDecide_1]
OmegaBound.ADVXXZT7EnrichedBase	OmegaBound.ADVXXZT7Enriched.rawSplit._proof_1	OUTSIDE	[OmegaBound.ADVXXZT7Enriched.rawSplit._nativeDecide_1]
OmegaBound.ADVXXZT7EnrichedBase	OmegaBound.ADVXXZT7Enriched.rawSplit._proof_2	OUTSIDE	[OmegaBound.ADVXXZT7Enriched.rawSplit._nativeDecide_2]
OmegaBound.ADVXXZT7EnrichedBase	OmegaBound.ADVXXZT7Enriched.rawSplit._proof_3	OUTSIDE	[OmegaBound.ADVXXZT7Enriched.rawSplit._nativeDecide_3]
OmegaBound.ADVXXZT7EnrichedShard00	OmegaBound.ADVXXZT7Enriched.enrichedRows00_ok._proof_1_1	CLOSURE	[OmegaBound.ADVXXZT7Enriched.enrichedRows00_ok._nativeDecide_1_1]
OmegaBound.ADVXXZT7EnrichedShard01	OmegaBound.ADVXXZT7Enriched.enrichedRows01_ok._proof_1_1	CLOSURE	[OmegaBound.ADVXXZT7Enriched.enrichedRows01_ok._nativeDecide_1_1]
OmegaBound.ADVXXZT7EnrichedShard02	OmegaBound.ADVXXZT7Enriched.enrichedRows02_ok._proof_1_1	CLOSURE	[OmegaBound.ADVXXZT7Enriched.enrichedRows02_ok._nativeDecide_1_1]
OmegaBound.ADVXXZT7EnrichedShard03	OmegaBound.ADVXXZT7Enriched.enrichedRows03_ok._proof_1_1	CLOSURE	[OmegaBound.ADVXXZT7Enriched.enrichedRows03_ok._nativeDecide_1_1]
OmegaBound.ADVXXZT7EnrichedShard04	OmegaBound.ADVXXZT7Enriched.enrichedRows04_ok._proof_1_1	CLOSURE	[OmegaBound.ADVXXZT7Enriched.enrichedRows04_ok._nativeDecide_1_1]
OmegaBound.ADVXXZT7EnrichedShard05	OmegaBound.ADVXXZT7Enriched.enrichedRows05_ok._proof_1_1	CLOSURE	[OmegaBound.ADVXXZT7Enriched.enrichedRows05_ok._nativeDecide_1_1]
OmegaBound.ADVXXZT7EnrichedShard06	OmegaBound.ADVXXZT7Enriched.enrichedRows06_ok._proof_1_1	CLOSURE	[OmegaBound.ADVXXZT7Enriched.enrichedRows06_ok._nativeDecide_1_1]
OmegaBound.ADVXXZT7EnrichedShard07	OmegaBound.ADVXXZT7Enriched.enrichedRows07_ok._proof_1_1	CLOSURE	[OmegaBound.ADVXXZT7Enriched.enrichedRows07_ok._nativeDecide_1_1]
OmegaBound.ADVXXZT7EnrichedShard08	OmegaBound.ADVXXZT7Enriched.enrichedRows08_ok._proof_1_1	CLOSURE	[OmegaBound.ADVXXZT7Enriched.enrichedRows08_ok._nativeDecide_1_1]
OmegaBound.ADVXXZT7EnrichedShard09	OmegaBound.ADVXXZT7Enriched.enrichedRows09_ok._proof_1_1	CLOSURE	[OmegaBound.ADVXXZT7Enriched.enrichedRows09_ok._nativeDecide_1_1]
OmegaBound.ADVXXZT7EnrichedShard10	OmegaBound.ADVXXZT7Enriched.enrichedRows10_ok._proof_1_1	CLOSURE	[OmegaBound.ADVXXZT7Enriched.enrichedRows10_ok._nativeDecide_1_1]
OmegaBound.ADVXXZT7EnrichedShard11	OmegaBound.ADVXXZT7Enriched.enrichedRows11_ok._proof_1_1	CLOSURE	[OmegaBound.ADVXXZT7Enriched.enrichedRows11_ok._nativeDecide_1_1]
OmegaBound.ADVXXZT7EnrichedShard12	OmegaBound.ADVXXZT7Enriched.enrichedRows12_ok._proof_1_1	CLOSURE	[OmegaBound.ADVXXZT7Enriched.enrichedRows12_ok._nativeDecide_1_1]
OmegaBound.ADVXXZT7EnrichedShard13	OmegaBound.ADVXXZT7Enriched.enrichedRows13_ok._proof_1_1	CLOSURE	[OmegaBound.ADVXXZT7Enriched.enrichedRows13_ok._nativeDecide_1_1]
OmegaBound.ADVXXZT7EnrichedShard14	OmegaBound.ADVXXZT7Enriched.enrichedRows14_ok._proof_1_1	CLOSURE	[OmegaBound.ADVXXZT7Enriched.enrichedRows14_ok._nativeDecide_1_1]
OmegaBound.ADVXXZT7EnrichedShard15	OmegaBound.ADVXXZT7Enriched.enrichedRows15_ok._proof_1_1	CLOSURE	[OmegaBound.ADVXXZT7Enriched.enrichedRows15_ok._nativeDecide_1_1]
OmegaBound.ADVXXZT7EnrichedShard16	OmegaBound.ADVXXZT7Enriched.enrichedRows16_ok._proof_1_1	CLOSURE	[OmegaBound.ADVXXZT7Enriched.enrichedRows16_ok._nativeDecide_1_1]
OmegaBound.ADVXXZT7EnrichedShard17	OmegaBound.ADVXXZT7Enriched.enrichedRows17_ok._proof_1_1	CLOSURE	[OmegaBound.ADVXXZT7Enriched.enrichedRows17_ok._nativeDecide_1_1]
OmegaBound.ADVXXZT7Round20ExactSplit	OmegaBound.ADVXXZT7Round20ExactSplit.childRow_node._proof_1_1	CLOSURE	[OmegaBound.ADVXXZT7Round20ExactSplit.childRow_node._nativeDecide_1_1]
OmegaBound.ADVXXZT7SpecialInventory	OmegaBound.ADVXXZT7SpecialInventory.natural_table_law._proof_1_1	CLOSURE	[OmegaBound.ADVXXZT7SpecialInventory.natural_table_law._nativeDecide_1_1]
OmegaBound.ADVXXZT9R16PositiveParents	OmegaBound.ADVXXZT9R16PositiveParents.releasedParentArithmetic._proof_1_1	CLOSURE	[OmegaBound.ADVXXZT9R16PositiveParents.releasedParentArithmetic._nativeDecide_1_1]
OmegaBound.ReleaseCompactR61CohortR0P000P031Check	OmegaBound.ADVXXZT6Round61.releaseCompactR61CohortR0P000P031Check._proof_1_1	CLOSURE	[OmegaBound.ADVXXZT6Round61.releaseCompactR61CohortR0P000P031Check._nativeDecide_1_1]
OmegaBound.ReleaseCompactR61CohortR0P032P063Check	OmegaBound.ADVXXZT6Round61.releaseCompactR61CohortR0P032P063Check._proof_1_1	CLOSURE	[OmegaBound.ADVXXZT6Round61.releaseCompactR61CohortR0P032P063Check._nativeDecide_1_1]
OmegaBound.ReleaseCompactR61CohortR0P064P095Check	OmegaBound.ADVXXZT6Round61.releaseCompactR61CohortR0P064P095Check._proof_1_1	CLOSURE	[OmegaBound.ADVXXZT6Round61.releaseCompactR61CohortR0P064P095Check._nativeDecide_1_1]
OmegaBound.ReleaseCompactR61CohortR0P096P125Check	OmegaBound.ADVXXZT6Round61.releaseCompactR61CohortR0P096P125Check._proof_1_1	CLOSURE	[OmegaBound.ADVXXZT6Round61.releaseCompactR61CohortR0P096P125Check._nativeDecide_1_1]
OmegaBound.ReleaseCompactR61CohortR1P000P031Check	OmegaBound.ADVXXZT6Round61.releaseCompactR61CohortR1P000P031Check._proof_1_1	CLOSURE	[OmegaBound.ADVXXZT6Round61.releaseCompactR61CohortR1P000P031Check._nativeDecide_1_1]
OmegaBound.ReleaseCompactR61CohortR1P032P063Check	OmegaBound.ADVXXZT6Round61.releaseCompactR61CohortR1P032P063Check._proof_1_1	CLOSURE	[OmegaBound.ADVXXZT6Round61.releaseCompactR61CohortR1P032P063Check._nativeDecide_1_1]
OmegaBound.ReleaseCompactR61CohortR1P064P095Check	OmegaBound.ADVXXZT6Round61.releaseCompactR61CohortR1P064P095Check._proof_1_1	CLOSURE	[OmegaBound.ADVXXZT6Round61.releaseCompactR61CohortR1P064P095Check._nativeDecide_1_1]
OmegaBound.ReleaseCompactR61CohortR1P096P125Check	OmegaBound.ADVXXZT6Round61.releaseCompactR61CohortR1P096P125Check._proof_1_1	CLOSURE	[OmegaBound.ADVXXZT6Round61.releaseCompactR61CohortR1P096P125Check._nativeDecide_1_1]
OmegaBound.ReleaseCompactR61CohortR2P000P031Check	OmegaBound.ADVXXZT6Round61.releaseCompactR61CohortR2P000P031Check._proof_1_1	CLOSURE	[OmegaBound.ADVXXZT6Round61.releaseCompactR61CohortR2P000P031Check._nativeDecide_1_1]
OmegaBound.ReleaseCompactR61CohortR2P032P063Check	OmegaBound.ADVXXZT6Round61.releaseCompactR61CohortR2P032P063Check._proof_1_1	CLOSURE	[OmegaBound.ADVXXZT6Round61.releaseCompactR61CohortR2P032P063Check._nativeDecide_1_1]
OmegaBound.ReleaseCompactR61CohortR2P064P095Check	OmegaBound.ADVXXZT6Round61.releaseCompactR61CohortR2P064P095Check._proof_1_1	CLOSURE	[OmegaBound.ADVXXZT6Round61.releaseCompactR61CohortR2P064P095Check._nativeDecide_1_1]
OmegaBound.ReleaseCompactR61CohortR2P096P125Check	OmegaBound.ADVXXZT6Round61.releaseCompactR61CohortR2P096P125Check._proof_1_1	CLOSURE	[OmegaBound.ADVXXZT6Round61.releaseCompactR61CohortR2P096P125Check._nativeDecide_1_1]
OmegaBound.ReleaseCompactR61CohortR3P000P031Check	OmegaBound.ADVXXZT6Round61.releaseCompactR61CohortR3P000P031Check._proof_1_1	CLOSURE	[OmegaBound.ADVXXZT6Round61.releaseCompactR61CohortR3P000P031Check._nativeDecide_1_1]
OmegaBound.ReleaseCompactR61CohortR3P032P063Check	OmegaBound.ADVXXZT6Round61.releaseCompactR61CohortR3P032P063Check._proof_1_1	CLOSURE	[OmegaBound.ADVXXZT6Round61.releaseCompactR61CohortR3P032P063Check._nativeDecide_1_1]
OmegaBound.ReleaseCompactR61CohortR3P064P095Check	OmegaBound.ADVXXZT6Round61.releaseCompactR61CohortR3P064P095Check._proof_1_1	CLOSURE	[OmegaBound.ADVXXZT6Round61.releaseCompactR61CohortR3P064P095Check._nativeDecide_1_1]
OmegaBound.ReleaseCompactR61CohortR3P096P125Check	OmegaBound.ADVXXZT6Round61.releaseCompactR61CohortR3P096P125Check._proof_1_1	CLOSURE	[OmegaBound.ADVXXZT6Round61.releaseCompactR61CohortR3P096P125Check._nativeDecide_1_1]
OmegaBound.ReleaseCompactR61CohortR4P000P031Check	OmegaBound.ADVXXZT6Round61.releaseCompactR61CohortR4P000P031Check._proof_1_1	CLOSURE	[OmegaBound.ADVXXZT6Round61.releaseCompactR61CohortR4P000P031Check._nativeDecide_1_1]
OmegaBound.ReleaseCompactR61CohortR4P032P063Check	OmegaBound.ADVXXZT6Round61.releaseCompactR61CohortR4P032P063Check._proof_1_1	CLOSURE	[OmegaBound.ADVXXZT6Round61.releaseCompactR61CohortR4P032P063Check._nativeDecide_1_1]
OmegaBound.ReleaseCompactR61CohortR4P064P095Check	OmegaBound.ADVXXZT6Round61.releaseCompactR61CohortR4P064P095Check._proof_1_1	CLOSURE	[OmegaBound.ADVXXZT6Round61.releaseCompactR61CohortR4P064P095Check._nativeDecide_1_1]
OmegaBound.ReleaseCompactR61CohortR4P096P125Check	OmegaBound.ADVXXZT6Round61.releaseCompactR61CohortR4P096P125Check._proof_1_1	CLOSURE	[OmegaBound.ADVXXZT6Round61.releaseCompactR61CohortR4P096P125Check._nativeDecide_1_1]
OmegaBound.ReleaseCompactR61CohortR5P000P031Check	OmegaBound.ADVXXZT6Round61.releaseCompactR61CohortR5P000P031Check._proof_1_1	CLOSURE	[OmegaBound.ADVXXZT6Round61.releaseCompactR61CohortR5P000P031Check._nativeDecide_1_1]
OmegaBound.ReleaseCompactR61CohortR5P032P063Check	OmegaBound.ADVXXZT6Round61.releaseCompactR61CohortR5P032P063Check._proof_1_1	CLOSURE	[OmegaBound.ADVXXZT6Round61.releaseCompactR61CohortR5P032P063Check._nativeDecide_1_1]
OmegaBound.ReleaseCompactR61CohortR5P064P095Check	OmegaBound.ADVXXZT6Round61.releaseCompactR61CohortR5P064P095Check._proof_1_1	CLOSURE	[OmegaBound.ADVXXZT6Round61.releaseCompactR61CohortR5P064P095Check._nativeDecide_1_1]
OmegaBound.ReleaseCompactR61CohortR5P096P125Check	OmegaBound.ADVXXZT6Round61.releaseCompactR61CohortR5P096P125Check._proof_1_1	CLOSURE	[OmegaBound.ADVXXZT6Round61.releaseCompactR61CohortR5P096P125Check._nativeDecide_1_1]
OmegaBound.ReleaseCompactRowsR0Y0Check	OmegaBound.ADVXXZGeneral.rowsCompactR0Y0_check._proof_1_1	CLOSURE	[OmegaBound.ADVXXZGeneral.rowsCompactR0Y0_check._nativeDecide_1_1]
OmegaBound.ReleaseCompactRowsR0Y1Check	OmegaBound.ADVXXZGeneral.rowsCompactR0Y1_check._proof_1_1	CLOSURE	[OmegaBound.ADVXXZGeneral.rowsCompactR0Y1_check._nativeDecide_1_1]
OmegaBound.ReleaseCompactRowsR0Y2Check	OmegaBound.ADVXXZGeneral.rowsCompactR0Y2_check._proof_1_1	CLOSURE	[OmegaBound.ADVXXZGeneral.rowsCompactR0Y2_check._nativeDecide_1_1]
OmegaBound.ReleaseCompactRowsR0Y3Check	OmegaBound.ADVXXZGeneral.rowsCompactR0Y3_check._proof_1_1	CLOSURE	[OmegaBound.ADVXXZGeneral.rowsCompactR0Y3_check._nativeDecide_1_1]
OmegaBound.ReleaseCompactRowsR0Y4Check	OmegaBound.ADVXXZGeneral.rowsCompactR0Y4_check._proof_1_1	CLOSURE	[OmegaBound.ADVXXZGeneral.rowsCompactR0Y4_check._nativeDecide_1_1]
OmegaBound.ReleaseCompactRowsR0Y5Check	OmegaBound.ADVXXZGeneral.rowsCompactR0Y5_check._proof_1_1	CLOSURE	[OmegaBound.ADVXXZGeneral.rowsCompactR0Y5_check._nativeDecide_1_1]
OmegaBound.ReleaseCompactRowsR0Y6Check	OmegaBound.ADVXXZGeneral.rowsCompactR0Y6_check._proof_1_1	CLOSURE	[OmegaBound.ADVXXZGeneral.rowsCompactR0Y6_check._nativeDecide_1_1]
OmegaBound.ReleaseCompactRowsR0Y7Check	OmegaBound.ADVXXZGeneral.rowsCompactR0Y7_check._proof_1_1	CLOSURE	[OmegaBound.ADVXXZGeneral.rowsCompactR0Y7_check._nativeDecide_1_1]
OmegaBound.ReleaseCompactRowsR0Z0Check	OmegaBound.ADVXXZGeneral.rowsCompactR0Z0_check._proof_1_1	CLOSURE	[OmegaBound.ADVXXZGeneral.rowsCompactR0Z0_check._nativeDecide_1_1]
OmegaBound.ReleaseCompactRowsR0Z1Check	OmegaBound.ADVXXZGeneral.rowsCompactR0Z1_check._proof_1_1	CLOSURE	[OmegaBound.ADVXXZGeneral.rowsCompactR0Z1_check._nativeDecide_1_1]
OmegaBound.ReleaseCompactRowsR0Z2Check	OmegaBound.ADVXXZGeneral.rowsCompactR0Z2_check._proof_1_1	CLOSURE	[OmegaBound.ADVXXZGeneral.rowsCompactR0Z2_check._nativeDecide_1_1]
OmegaBound.ReleaseCompactRowsR0Z3Check	OmegaBound.ADVXXZGeneral.rowsCompactR0Z3_check._proof_1_1	CLOSURE	[OmegaBound.ADVXXZGeneral.rowsCompactR0Z3_check._nativeDecide_1_1]
OmegaBound.ReleaseCompactRowsR0Z4Check	OmegaBound.ADVXXZGeneral.rowsCompactR0Z4_check._proof_1_1	CLOSURE	[OmegaBound.ADVXXZGeneral.rowsCompactR0Z4_check._nativeDecide_1_1]
OmegaBound.ReleaseCompactRowsR0Z5Check	OmegaBound.ADVXXZGeneral.rowsCompactR0Z5_check._proof_1_1	CLOSURE	[OmegaBound.ADVXXZGeneral.rowsCompactR0Z5_check._nativeDecide_1_1]
OmegaBound.ReleaseCompactRowsR0Z6Check	OmegaBound.ADVXXZGeneral.rowsCompactR0Z6_check._proof_1_1	CLOSURE	[OmegaBound.ADVXXZGeneral.rowsCompactR0Z6_check._nativeDecide_1_1]
OmegaBound.ReleaseCompactRowsR0Z7Check	OmegaBound.ADVXXZGeneral.rowsCompactR0Z7_check._proof_1_1	CLOSURE	[OmegaBound.ADVXXZGeneral.rowsCompactR0Z7_check._nativeDecide_1_1]
OmegaBound.ReleaseCompactRowsR1Y0Check	OmegaBound.ADVXXZGeneral.rowsCompactR1Y0_check._proof_1_1	CLOSURE	[OmegaBound.ADVXXZGeneral.rowsCompactR1Y0_check._nativeDecide_1_1]
OmegaBound.ReleaseCompactRowsR1Y1Check	OmegaBound.ADVXXZGeneral.rowsCompactR1Y1_check._proof_1_1	CLOSURE	[OmegaBound.ADVXXZGeneral.rowsCompactR1Y1_check._nativeDecide_1_1]
OmegaBound.ReleaseCompactRowsR1Y2Check	OmegaBound.ADVXXZGeneral.rowsCompactR1Y2_check._proof_1_1	CLOSURE	[OmegaBound.ADVXXZGeneral.rowsCompactR1Y2_check._nativeDecide_1_1]
OmegaBound.ReleaseCompactRowsR1Y3Check	OmegaBound.ADVXXZGeneral.rowsCompactR1Y3_check._proof_1_1	CLOSURE	[OmegaBound.ADVXXZGeneral.rowsCompactR1Y3_check._nativeDecide_1_1]
OmegaBound.ReleaseCompactRowsR1Y4Check	OmegaBound.ADVXXZGeneral.rowsCompactR1Y4_check._proof_1_1	CLOSURE	[OmegaBound.ADVXXZGeneral.rowsCompactR1Y4_check._nativeDecide_1_1]
OmegaBound.ReleaseCompactRowsR1Y5Check	OmegaBound.ADVXXZGeneral.rowsCompactR1Y5_check._proof_1_1	CLOSURE	[OmegaBound.ADVXXZGeneral.rowsCompactR1Y5_check._nativeDecide_1_1]
OmegaBound.ReleaseCompactRowsR1Y6Check	OmegaBound.ADVXXZGeneral.rowsCompactR1Y6_check._proof_1_1	CLOSURE	[OmegaBound.ADVXXZGeneral.rowsCompactR1Y6_check._nativeDecide_1_1]
OmegaBound.ReleaseCompactRowsR1Y7Check	OmegaBound.ADVXXZGeneral.rowsCompactR1Y7_check._proof_1_1	CLOSURE	[OmegaBound.ADVXXZGeneral.rowsCompactR1Y7_check._nativeDecide_1_1]
OmegaBound.ReleaseCompactRowsR1Z0Check	OmegaBound.ADVXXZGeneral.rowsCompactR1Z0_check._proof_1_1	CLOSURE	[OmegaBound.ADVXXZGeneral.rowsCompactR1Z0_check._nativeDecide_1_1]
OmegaBound.ReleaseCompactRowsR1Z1Check	OmegaBound.ADVXXZGeneral.rowsCompactR1Z1_check._proof_1_1	CLOSURE	[OmegaBound.ADVXXZGeneral.rowsCompactR1Z1_check._nativeDecide_1_1]
OmegaBound.ReleaseCompactRowsR1Z2Check	OmegaBound.ADVXXZGeneral.rowsCompactR1Z2_check._proof_1_1	CLOSURE	[OmegaBound.ADVXXZGeneral.rowsCompactR1Z2_check._nativeDecide_1_1]
OmegaBound.ReleaseCompactRowsR1Z3Check	OmegaBound.ADVXXZGeneral.rowsCompactR1Z3_check._proof_1_1	CLOSURE	[OmegaBound.ADVXXZGeneral.rowsCompactR1Z3_check._nativeDecide_1_1]
OmegaBound.ReleaseCompactRowsR1Z4Check	OmegaBound.ADVXXZGeneral.rowsCompactR1Z4_check._proof_1_1	CLOSURE	[OmegaBound.ADVXXZGeneral.rowsCompactR1Z4_check._nativeDecide_1_1]
OmegaBound.ReleaseCompactRowsR1Z5Check	OmegaBound.ADVXXZGeneral.rowsCompactR1Z5_check._proof_1_1	CLOSURE	[OmegaBound.ADVXXZGeneral.rowsCompactR1Z5_check._nativeDecide_1_1]
OmegaBound.ReleaseCompactRowsR1Z6Check	OmegaBound.ADVXXZGeneral.rowsCompactR1Z6_check._proof_1_1	CLOSURE	[OmegaBound.ADVXXZGeneral.rowsCompactR1Z6_check._nativeDecide_1_1]
OmegaBound.ReleaseCompactRowsR1Z7Check	OmegaBound.ADVXXZGeneral.rowsCompactR1Z7_check._proof_1_1	CLOSURE	[OmegaBound.ADVXXZGeneral.rowsCompactR1Z7_check._nativeDecide_1_1]
OmegaBound.ReleaseCompactRowsR2Y0Check	OmegaBound.ADVXXZGeneral.rowsCompactR2Y0_check._proof_1_1	CLOSURE	[OmegaBound.ADVXXZGeneral.rowsCompactR2Y0_check._nativeDecide_1_1]
OmegaBound.ReleaseCompactRowsR2Y1Check	OmegaBound.ADVXXZGeneral.rowsCompactR2Y1_check._proof_1_1	CLOSURE	[OmegaBound.ADVXXZGeneral.rowsCompactR2Y1_check._nativeDecide_1_1]
OmegaBound.ReleaseCompactRowsR2Y2Check	OmegaBound.ADVXXZGeneral.rowsCompactR2Y2_check._proof_1_1	CLOSURE	[OmegaBound.ADVXXZGeneral.rowsCompactR2Y2_check._nativeDecide_1_1]
OmegaBound.ReleaseCompactRowsR2Y3Check	OmegaBound.ADVXXZGeneral.rowsCompactR2Y3_check._proof_1_1	CLOSURE	[OmegaBound.ADVXXZGeneral.rowsCompactR2Y3_check._nativeDecide_1_1]
OmegaBound.ReleaseCompactRowsR2Y4Check	OmegaBound.ADVXXZGeneral.rowsCompactR2Y4_check._proof_1_1	CLOSURE	[OmegaBound.ADVXXZGeneral.rowsCompactR2Y4_check._nativeDecide_1_1]
OmegaBound.ReleaseCompactRowsR2Y5Check	OmegaBound.ADVXXZGeneral.rowsCompactR2Y5_check._proof_1_1	CLOSURE	[OmegaBound.ADVXXZGeneral.rowsCompactR2Y5_check._nativeDecide_1_1]
OmegaBound.ReleaseCompactRowsR2Y6Check	OmegaBound.ADVXXZGeneral.rowsCompactR2Y6_check._proof_1_1	CLOSURE	[OmegaBound.ADVXXZGeneral.rowsCompactR2Y6_check._nativeDecide_1_1]
OmegaBound.ReleaseCompactRowsR2Y7Check	OmegaBound.ADVXXZGeneral.rowsCompactR2Y7_check._proof_1_1	CLOSURE	[OmegaBound.ADVXXZGeneral.rowsCompactR2Y7_check._nativeDecide_1_1]
OmegaBound.ReleaseCompactRowsR2Z0Check	OmegaBound.ADVXXZGeneral.rowsCompactR2Z0_check._proof_1_1	CLOSURE	[OmegaBound.ADVXXZGeneral.rowsCompactR2Z0_check._nativeDecide_1_1]
OmegaBound.ReleaseCompactRowsR2Z1Check	OmegaBound.ADVXXZGeneral.rowsCompactR2Z1_check._proof_1_1	CLOSURE	[OmegaBound.ADVXXZGeneral.rowsCompactR2Z1_check._nativeDecide_1_1]
OmegaBound.ReleaseCompactRowsR2Z2Check	OmegaBound.ADVXXZGeneral.rowsCompactR2Z2_check._proof_1_1	CLOSURE	[OmegaBound.ADVXXZGeneral.rowsCompactR2Z2_check._nativeDecide_1_1]
OmegaBound.ReleaseCompactRowsR2Z3Check	OmegaBound.ADVXXZGeneral.rowsCompactR2Z3_check._proof_1_1	CLOSURE	[OmegaBound.ADVXXZGeneral.rowsCompactR2Z3_check._nativeDecide_1_1]
OmegaBound.ReleaseCompactRowsR2Z4Check	OmegaBound.ADVXXZGeneral.rowsCompactR2Z4_check._proof_1_1	CLOSURE	[OmegaBound.ADVXXZGeneral.rowsCompactR2Z4_check._nativeDecide_1_1]
OmegaBound.ReleaseCompactRowsR2Z5Check	OmegaBound.ADVXXZGeneral.rowsCompactR2Z5_check._proof_1_1	CLOSURE	[OmegaBound.ADVXXZGeneral.rowsCompactR2Z5_check._nativeDecide_1_1]
OmegaBound.ReleaseCompactRowsR2Z6Check	OmegaBound.ADVXXZGeneral.rowsCompactR2Z6_check._proof_1_1	CLOSURE	[OmegaBound.ADVXXZGeneral.rowsCompactR2Z6_check._nativeDecide_1_1]
OmegaBound.ReleaseCompactRowsR2Z7Check	OmegaBound.ADVXXZGeneral.rowsCompactR2Z7_check._proof_1_1	CLOSURE	[OmegaBound.ADVXXZGeneral.rowsCompactR2Z7_check._nativeDecide_1_1]
OmegaBound.ReleaseCompactRowsR3Y0Check	OmegaBound.ADVXXZGeneral.rowsCompactR3Y0_check._proof_1_1	CLOSURE	[OmegaBound.ADVXXZGeneral.rowsCompactR3Y0_check._nativeDecide_1_1]
OmegaBound.ReleaseCompactRowsR3Y1Check	OmegaBound.ADVXXZGeneral.rowsCompactR3Y1_check._proof_1_1	CLOSURE	[OmegaBound.ADVXXZGeneral.rowsCompactR3Y1_check._nativeDecide_1_1]
OmegaBound.ReleaseCompactRowsR3Y2Check	OmegaBound.ADVXXZGeneral.rowsCompactR3Y2_check._proof_1_1	CLOSURE	[OmegaBound.ADVXXZGeneral.rowsCompactR3Y2_check._nativeDecide_1_1]
OmegaBound.ReleaseCompactRowsR3Y3Check	OmegaBound.ADVXXZGeneral.rowsCompactR3Y3_check._proof_1_1	CLOSURE	[OmegaBound.ADVXXZGeneral.rowsCompactR3Y3_check._nativeDecide_1_1]
OmegaBound.ReleaseCompactRowsR3Y4Check	OmegaBound.ADVXXZGeneral.rowsCompactR3Y4_check._proof_1_1	CLOSURE	[OmegaBound.ADVXXZGeneral.rowsCompactR3Y4_check._nativeDecide_1_1]
OmegaBound.ReleaseCompactRowsR3Y5Check	OmegaBound.ADVXXZGeneral.rowsCompactR3Y5_check._proof_1_1	CLOSURE	[OmegaBound.ADVXXZGeneral.rowsCompactR3Y5_check._nativeDecide_1_1]
OmegaBound.ReleaseCompactRowsR3Y6Check	OmegaBound.ADVXXZGeneral.rowsCompactR3Y6_check._proof_1_1	CLOSURE	[OmegaBound.ADVXXZGeneral.rowsCompactR3Y6_check._nativeDecide_1_1]
OmegaBound.ReleaseCompactRowsR3Y7Check	OmegaBound.ADVXXZGeneral.rowsCompactR3Y7_check._proof_1_1	CLOSURE	[OmegaBound.ADVXXZGeneral.rowsCompactR3Y7_check._nativeDecide_1_1]
OmegaBound.ReleaseCompactRowsR3Z0Check	OmegaBound.ADVXXZGeneral.rowsCompactR3Z0_check._proof_1_1	CLOSURE	[OmegaBound.ADVXXZGeneral.rowsCompactR3Z0_check._nativeDecide_1_1]
OmegaBound.ReleaseCompactRowsR3Z1Check	OmegaBound.ADVXXZGeneral.rowsCompactR3Z1_check._proof_1_1	CLOSURE	[OmegaBound.ADVXXZGeneral.rowsCompactR3Z1_check._nativeDecide_1_1]
OmegaBound.ReleaseCompactRowsR3Z2Check	OmegaBound.ADVXXZGeneral.rowsCompactR3Z2_check._proof_1_1	CLOSURE	[OmegaBound.ADVXXZGeneral.rowsCompactR3Z2_check._nativeDecide_1_1]
OmegaBound.ReleaseCompactRowsR3Z3Check	OmegaBound.ADVXXZGeneral.rowsCompactR3Z3_check._proof_1_1	CLOSURE	[OmegaBound.ADVXXZGeneral.rowsCompactR3Z3_check._nativeDecide_1_1]
OmegaBound.ReleaseCompactRowsR3Z4Check	OmegaBound.ADVXXZGeneral.rowsCompactR3Z4_check._proof_1_1	CLOSURE	[OmegaBound.ADVXXZGeneral.rowsCompactR3Z4_check._nativeDecide_1_1]
OmegaBound.ReleaseCompactRowsR3Z5Check	OmegaBound.ADVXXZGeneral.rowsCompactR3Z5_check._proof_1_1	CLOSURE	[OmegaBound.ADVXXZGeneral.rowsCompactR3Z5_check._nativeDecide_1_1]
OmegaBound.ReleaseCompactRowsR3Z6Check	OmegaBound.ADVXXZGeneral.rowsCompactR3Z6_check._proof_1_1	CLOSURE	[OmegaBound.ADVXXZGeneral.rowsCompactR3Z6_check._nativeDecide_1_1]
OmegaBound.ReleaseCompactRowsR3Z7Check	OmegaBound.ADVXXZGeneral.rowsCompactR3Z7_check._proof_1_1	CLOSURE	[OmegaBound.ADVXXZGeneral.rowsCompactR3Z7_check._nativeDecide_1_1]
OmegaBound.ReleaseCompactRowsR4Y0Check	OmegaBound.ADVXXZGeneral.rowsCompactR4Y0_check._proof_1_1	CLOSURE	[OmegaBound.ADVXXZGeneral.rowsCompactR4Y0_check._nativeDecide_1_1]
OmegaBound.ReleaseCompactRowsR4Y1Check	OmegaBound.ADVXXZGeneral.rowsCompactR4Y1_check._proof_1_1	CLOSURE	[OmegaBound.ADVXXZGeneral.rowsCompactR4Y1_check._nativeDecide_1_1]
OmegaBound.ReleaseCompactRowsR4Y2Check	OmegaBound.ADVXXZGeneral.rowsCompactR4Y2_check._proof_1_1	CLOSURE	[OmegaBound.ADVXXZGeneral.rowsCompactR4Y2_check._nativeDecide_1_1]
OmegaBound.ReleaseCompactRowsR4Y3Check	OmegaBound.ADVXXZGeneral.rowsCompactR4Y3_check._proof_1_1	CLOSURE	[OmegaBound.ADVXXZGeneral.rowsCompactR4Y3_check._nativeDecide_1_1]
OmegaBound.ReleaseCompactRowsR4Y4Check	OmegaBound.ADVXXZGeneral.rowsCompactR4Y4_check._proof_1_1	CLOSURE	[OmegaBound.ADVXXZGeneral.rowsCompactR4Y4_check._nativeDecide_1_1]
OmegaBound.ReleaseCompactRowsR4Y5Check	OmegaBound.ADVXXZGeneral.rowsCompactR4Y5_check._proof_1_1	CLOSURE	[OmegaBound.ADVXXZGeneral.rowsCompactR4Y5_check._nativeDecide_1_1]
OmegaBound.ReleaseCompactRowsR4Y6Check	OmegaBound.ADVXXZGeneral.rowsCompactR4Y6_check._proof_1_1	CLOSURE	[OmegaBound.ADVXXZGeneral.rowsCompactR4Y6_check._nativeDecide_1_1]
OmegaBound.ReleaseCompactRowsR4Y7Check	OmegaBound.ADVXXZGeneral.rowsCompactR4Y7_check._proof_1_1	CLOSURE	[OmegaBound.ADVXXZGeneral.rowsCompactR4Y7_check._nativeDecide_1_1]
OmegaBound.ReleaseCompactRowsR4Z0Check	OmegaBound.ADVXXZGeneral.rowsCompactR4Z0_check._proof_1_1	CLOSURE	[OmegaBound.ADVXXZGeneral.rowsCompactR4Z0_check._nativeDecide_1_1]
OmegaBound.ReleaseCompactRowsR4Z1Check	OmegaBound.ADVXXZGeneral.rowsCompactR4Z1_check._proof_1_1	CLOSURE	[OmegaBound.ADVXXZGeneral.rowsCompactR4Z1_check._nativeDecide_1_1]
OmegaBound.ReleaseCompactRowsR4Z2Check	OmegaBound.ADVXXZGeneral.rowsCompactR4Z2_check._proof_1_1	CLOSURE	[OmegaBound.ADVXXZGeneral.rowsCompactR4Z2_check._nativeDecide_1_1]
OmegaBound.ReleaseCompactRowsR4Z3Check	OmegaBound.ADVXXZGeneral.rowsCompactR4Z3_check._proof_1_1	CLOSURE	[OmegaBound.ADVXXZGeneral.rowsCompactR4Z3_check._nativeDecide_1_1]
OmegaBound.ReleaseCompactRowsR4Z4Check	OmegaBound.ADVXXZGeneral.rowsCompactR4Z4_check._proof_1_1	CLOSURE	[OmegaBound.ADVXXZGeneral.rowsCompactR4Z4_check._nativeDecide_1_1]
OmegaBound.ReleaseCompactRowsR4Z5Check	OmegaBound.ADVXXZGeneral.rowsCompactR4Z5_check._proof_1_1	CLOSURE	[OmegaBound.ADVXXZGeneral.rowsCompactR4Z5_check._nativeDecide_1_1]
OmegaBound.ReleaseCompactRowsR4Z6Check	OmegaBound.ADVXXZGeneral.rowsCompactR4Z6_check._proof_1_1	CLOSURE	[OmegaBound.ADVXXZGeneral.rowsCompactR4Z6_check._nativeDecide_1_1]
OmegaBound.ReleaseCompactRowsR4Z7Check	OmegaBound.ADVXXZGeneral.rowsCompactR4Z7_check._proof_1_1	CLOSURE	[OmegaBound.ADVXXZGeneral.rowsCompactR4Z7_check._nativeDecide_1_1]
OmegaBound.ReleaseCompactRowsR5Y0Check	OmegaBound.ADVXXZGeneral.rowsCompactR5Y0_check._proof_1_1	CLOSURE	[OmegaBound.ADVXXZGeneral.rowsCompactR5Y0_check._nativeDecide_1_1]
OmegaBound.ReleaseCompactRowsR5Y1Check	OmegaBound.ADVXXZGeneral.rowsCompactR5Y1_check._proof_1_1	CLOSURE	[OmegaBound.ADVXXZGeneral.rowsCompactR5Y1_check._nativeDecide_1_1]
OmegaBound.ReleaseCompactRowsR5Y2Check	OmegaBound.ADVXXZGeneral.rowsCompactR5Y2_check._proof_1_1	CLOSURE	[OmegaBound.ADVXXZGeneral.rowsCompactR5Y2_check._nativeDecide_1_1]
OmegaBound.ReleaseCompactRowsR5Y3Check	OmegaBound.ADVXXZGeneral.rowsCompactR5Y3_check._proof_1_1	CLOSURE	[OmegaBound.ADVXXZGeneral.rowsCompactR5Y3_check._nativeDecide_1_1]
OmegaBound.ReleaseCompactRowsR5Y4Check	OmegaBound.ADVXXZGeneral.rowsCompactR5Y4_check._proof_1_1	CLOSURE	[OmegaBound.ADVXXZGeneral.rowsCompactR5Y4_check._nativeDecide_1_1]
OmegaBound.ReleaseCompactRowsR5Y5Check	OmegaBound.ADVXXZGeneral.rowsCompactR5Y5_check._proof_1_1	CLOSURE	[OmegaBound.ADVXXZGeneral.rowsCompactR5Y5_check._nativeDecide_1_1]
OmegaBound.ReleaseCompactRowsR5Y6Check	OmegaBound.ADVXXZGeneral.rowsCompactR5Y6_check._proof_1_1	CLOSURE	[OmegaBound.ADVXXZGeneral.rowsCompactR5Y6_check._nativeDecide_1_1]
OmegaBound.ReleaseCompactRowsR5Y7Check	OmegaBound.ADVXXZGeneral.rowsCompactR5Y7_check._proof_1_1	CLOSURE	[OmegaBound.ADVXXZGeneral.rowsCompactR5Y7_check._nativeDecide_1_1]
OmegaBound.ReleaseCompactRowsR5Z0Check	OmegaBound.ADVXXZGeneral.rowsCompactR5Z0_check._proof_1_1	CLOSURE	[OmegaBound.ADVXXZGeneral.rowsCompactR5Z0_check._nativeDecide_1_1]
OmegaBound.ReleaseCompactRowsR5Z1Check	OmegaBound.ADVXXZGeneral.rowsCompactR5Z1_check._proof_1_1	CLOSURE	[OmegaBound.ADVXXZGeneral.rowsCompactR5Z1_check._nativeDecide_1_1]
OmegaBound.ReleaseCompactRowsR5Z2Check	OmegaBound.ADVXXZGeneral.rowsCompactR5Z2_check._proof_1_1	CLOSURE	[OmegaBound.ADVXXZGeneral.rowsCompactR5Z2_check._nativeDecide_1_1]
OmegaBound.ReleaseCompactRowsR5Z3Check	OmegaBound.ADVXXZGeneral.rowsCompactR5Z3_check._proof_1_1	CLOSURE	[OmegaBound.ADVXXZGeneral.rowsCompactR5Z3_check._nativeDecide_1_1]
OmegaBound.ReleaseCompactRowsR5Z4Check	OmegaBound.ADVXXZGeneral.rowsCompactR5Z4_check._proof_1_1	CLOSURE	[OmegaBound.ADVXXZGeneral.rowsCompactR5Z4_check._nativeDecide_1_1]
OmegaBound.ReleaseCompactRowsR5Z5Check	OmegaBound.ADVXXZGeneral.rowsCompactR5Z5_check._proof_1_1	CLOSURE	[OmegaBound.ADVXXZGeneral.rowsCompactR5Z5_check._nativeDecide_1_1]
OmegaBound.ReleaseCompactRowsR5Z6Check	OmegaBound.ADVXXZGeneral.rowsCompactR5Z6_check._proof_1_1	CLOSURE	[OmegaBound.ADVXXZGeneral.rowsCompactR5Z6_check._nativeDecide_1_1]
OmegaBound.ReleaseCompactRowsR5Z7Check	OmegaBound.ADVXXZGeneral.rowsCompactR5Z7_check._proof_1_1	CLOSURE	[OmegaBound.ADVXXZGeneral.rowsCompactR5Z7_check._nativeDecide_1_1]
