Array.emptyWithCapacity	Init.Prelude	none	true
Array.get!Internal	Init.Prelude	none	true
Array.getInternal	Init.Prelude	none	true
Array.mk	Init.Prelude	none	true
Array.push	Init.Prelude	none	true
Array.size	Init.Prelude	none	true
Array.toList	Init.Prelude	none	true
ByteArray.emptyWithCapacity	Init.Prelude	none	true
ByteArray.mk	Init.Prelude	none	true
ByteArray.push	Init.Prelude	none	true
ByteArray.size	Init.Prelude	none	true
Char.ofNatAux	Init.Prelude	none	true
Int.add	Init.Data.Int.Basic	none	true
Int.decEq	Init.Data.Int.Basic	none	true
Int.decLe	Init.Data.Int.Basic	none	true
Int.decLt	Init.Data.Int.Basic	none	true
Int.decNonneg	Init.Data.Int.Basic	none	true
Int.divExact	Init.Data.Int.DivMod.Basic	none	true
Int.ediv	Init.Data.Int.DivMod.Basic	none	true
Int.emod	Init.Data.Int.DivMod.Basic	none	true
Int.mul	Init.Data.Int.Basic	none	true
Int.natAbs	Init.Data.Int.Basic	none	true
Int.neg	Init.Data.Int.Basic	none	true
Int.negSucc	Init.Data.Int.Basic	none	true
Int.ofNat	Init.Data.Int.Basic	none	true
Int.sub	Init.Data.Int.Basic	none	true
Int.tdiv	Init.Data.Int.DivMod.Basic	none	true
Int.tmod	Init.Data.Int.DivMod.Basic	none	true
Lean.Name.anonymous	Init.Prelude	(some Lean.Name.anonymous._override)	false
Lean.Name.num	Init.Prelude	(some Lean.Name.num._override)	false
Lean.Name.str	Init.Prelude	(some Lean.Name.str._override)	false
List.attachWith	Init.Data.List.Attach	(some _private.Init.Data.List.Attach.0.List.attachWithImpl)	false
Nat.add	Init.Prelude	none	true
Nat.beq	Init.Prelude	none	true
Nat.ble	Init.Prelude	none	true
Nat.decEq	Init.Prelude	none	true
Nat.decLe	Init.Prelude	none	true
Nat.decLt	Init.Prelude	none	true
Nat.div	Init.Prelude	none	true
Nat.divExact	Init.Data.Nat.Div.Basic	none	true
Nat.gcd	Init.Data.Nat.Gcd	none	true
Nat.gcd._unary	Init.Data.Nat.Gcd	none	true
Nat.land	Init.Data.Nat.Bitwise.Basic	none	true
Nat.mod	Init.Prelude	none	true
Nat.modCore	Init.Prelude	none	true
Nat.mul	Init.Prelude	none	true
Nat.pow	Init.Prelude	none	true
Nat.pred	Init.Prelude	none	true
Nat.repr	Init.Data.Repr	(some Nat.reprFast)	false
Nat.shiftRight	Init.Data.Nat.Bitwise.Basic	none	true
Nat.sub	Init.Prelude	none	true
String.Internal.append	Init.Data.String.Bootstrap	none	true
String.ofByteArray	Init.Prelude	none	true
String.ofList	Init.Prelude	none	true
String.toByteArray	Init.Prelude	none	true
String.utf8ByteSize	Init.Prelude	none	true
UInt32.ofBitVec	Init.Prelude	none	true
UInt32.toBitVec	Init.Prelude	none	true
UInt32.toNat	Init.Prelude	none	true
UInt8.ofBitVec	Init.Prelude	none	true
UInt8.ofNat	Init.Prelude	none	true
panicCore	Init.Prelude	none	true
